,video_name,frame,exp_id
0,d56a6ec78cfa,valid_u/JPEGImages/d56a6ec78cfa/00005.jpg,0
1,d56a6ec78cfa,valid_u/JPEGImages/d56a6ec78cfa/00002.jpg,1
2,d56a6ec78cfa,valid_u/JPEGImages/d56a6ec78cfa/00002.jpg,2
3,d56a6ec78cfa,valid_u/JPEGImages/d56a6ec78cfa/00015.jpg,3
4,d56a6ec78cfa,valid_u/JPEGImages/d56a6ec78cfa/00002.jpg,4
5,d56a6ec78cfa,valid_u/JPEGImages/d56a6ec78cfa/00015.jpg,5
6,d56a6ec78cfa,valid_u/JPEGImages/d56a6ec78cfa/00002.jpg,6
7,d56a6ec78cfa,valid_u/JPEGImages/d56a6ec78cfa/00002.jpg,7
8,d56a6ec78cfa,valid_u/JPEGImages/d56a6ec78cfa/00002.jpg,8
9,d56a6ec78cfa,valid_u/JPEGImages/d56a6ec78cfa/00002.jpg,9
10,d56a6ec78cfa,valid_u/JPEGImages/d56a6ec78cfa/00002.jpg,10
11,d56a6ec78cfa,valid_u/JPEGImages/d56a6ec78cfa/00002.jpg,11
12,d56a6ec78cfa,valid_u/JPEGImages/d56a6ec78cfa/00002.jpg,12
13,d56a6ec78cfa,valid_u/JPEGImages/d56a6ec78cfa/00002.jpg,13
14,d56a6ec78cfa,valid_u/JPEGImages/d56a6ec78cfa/00005.jpg,14
15,d56a6ec78cfa,valid_u/JPEGImages/d56a6ec78cfa/00002.jpg,15
16,d56a6ec78cfa,valid_u/JPEGImages/d56a6ec78cfa/00005.jpg,16
17,d56a6ec78cfa,valid_u/JPEGImages/d56a6ec78cfa/00005.jpg,17
18,d56a6ec78cfa,valid_u/JPEGImages/d56a6ec78cfa/00005.jpg,18
19,377b1c5f365c,valid_u/JPEGImages/377b1c5f365c/00002.jpg,0
20,377b1c5f365c,valid_u/JPEGImages/377b1c5f365c/00002.jpg,1
21,377b1c5f365c,valid_u/JPEGImages/377b1c5f365c/00006.jpg,2
22,377b1c5f365c,valid_u/JPEGImages/377b1c5f365c/00002.jpg,3
23,377b1c5f365c,valid_u/JPEGImages/377b1c5f365c/00002.jpg,4
24,377b1c5f365c,valid_u/JPEGImages/377b1c5f365c/00006.jpg,5
25,377b1c5f365c,valid_u/JPEGImages/377b1c5f365c/00002.jpg,6
26,377b1c5f365c,valid_u/JPEGImages/377b1c5f365c/00002.jpg,7
27,377b1c5f365c,valid_u/JPEGImages/377b1c5f365c/00002.jpg,8
28,377b1c5f365c,valid_u/JPEGImages/377b1c5f365c/00002.jpg,9
29,377b1c5f365c,valid_u/JPEGImages/377b1c5f365c/00002.jpg,10
30,377b1c5f365c,valid_u/JPEGImages/377b1c5f365c/00002.jpg,11
31,377b1c5f365c,valid_u/JPEGImages/377b1c5f365c/00002.jpg,12
32,377b1c5f365c,valid_u/JPEGImages/377b1c5f365c/00027.jpg,13
33,377b1c5f365c,valid_u/JPEGImages/377b1c5f365c/00002.jpg,14
34,377b1c5f365c,valid_u/JPEGImages/377b1c5f365c/00002.jpg,15
35,377b1c5f365c,valid_u/JPEGImages/377b1c5f365c/00002.jpg,16
36,377b1c5f365c,valid_u/JPEGImages/377b1c5f365c/00002.jpg,17
37,8a3ceef4f248,valid_u/JPEGImages/8a3ceef4f248/00002.jpg,0
38,8a3ceef4f248,valid_u/JPEGImages/8a3ceef4f248/00012.jpg,1
39,8a3ceef4f248,valid_u/JPEGImages/8a3ceef4f248/00000.jpg,2
40,8a3ceef4f248,valid_u/JPEGImages/8a3ceef4f248/00012.jpg,3
41,8a3ceef4f248,valid_u/JPEGImages/8a3ceef4f248/00002.jpg,4
42,8a3ceef4f248,valid_u/JPEGImages/8a3ceef4f248/00002.jpg,6
43,8a3ceef4f248,valid_u/JPEGImages/8a3ceef4f248/00002.jpg,7
44,8a3ceef4f248,valid_u/JPEGImages/8a3ceef4f248/00012.jpg,8
45,8a3ceef4f248,valid_u/JPEGImages/8a3ceef4f248/00002.jpg,9
46,8a3ceef4f248,valid_u/JPEGImages/8a3ceef4f248/00012.jpg,10
47,8a3ceef4f248,valid_u/JPEGImages/8a3ceef4f248/00012.jpg,11
48,8a3ceef4f248,valid_u/JPEGImages/8a3ceef4f248/00012.jpg,12
49,16ae95660b3a,valid_u/JPEGImages/16ae95660b3a/00012.jpg,0
50,16ae95660b3a,valid_u/JPEGImages/16ae95660b3a/00015.jpg,1
51,16ae95660b3a,valid_u/JPEGImages/16ae95660b3a/00012.jpg,2
52,16ae95660b3a,valid_u/JPEGImages/16ae95660b3a/00015.jpg,3
53,16ae95660b3a,valid_u/JPEGImages/16ae95660b3a/00025.jpg,4
54,16ae95660b3a,valid_u/JPEGImages/16ae95660b3a/00017.jpg,5
55,16ae95660b3a,valid_u/JPEGImages/16ae95660b3a/00012.jpg,6
56,16ae95660b3a,valid_u/JPEGImages/16ae95660b3a/00025.jpg,7
57,16ae95660b3a,valid_u/JPEGImages/16ae95660b3a/00012.jpg,8
58,16ae95660b3a,valid_u/JPEGImages/16ae95660b3a/00015.jpg,9
59,16ae95660b3a,valid_u/JPEGImages/16ae95660b3a/00015.jpg,10
60,16ae95660b3a,valid_u/JPEGImages/16ae95660b3a/00015.jpg,11
61,16ae95660b3a,valid_u/JPEGImages/16ae95660b3a/00015.jpg,12
62,16ae95660b3a,valid_u/JPEGImages/16ae95660b3a/00015.jpg,13
63,16ae95660b3a,valid_u/JPEGImages/16ae95660b3a/00015.jpg,14
64,16ae95660b3a,valid_u/JPEGImages/16ae95660b3a/00015.jpg,15
65,16ae95660b3a,valid_u/JPEGImages/16ae95660b3a/00015.jpg,16
66,16ae95660b3a,valid_u/JPEGImages/16ae95660b3a/00015.jpg,17
67,16ae95660b3a,valid_u/JPEGImages/16ae95660b3a/00015.jpg,18
68,3dde46eaaf53,valid_u/JPEGImages/3dde46eaaf53/00002.jpg,0
69,3dde46eaaf53,valid_u/JPEGImages/3dde46eaaf53/00007.jpg,1
70,3dde46eaaf53,valid_u/JPEGImages/3dde46eaaf53/00002.jpg,2
71,3dde46eaaf53,valid_u/JPEGImages/3dde46eaaf53/00002.jpg,3
72,3dde46eaaf53,valid_u/JPEGImages/3dde46eaaf53/00002.jpg,4
73,3dde46eaaf53,valid_u/JPEGImages/3dde46eaaf53/00002.jpg,5
74,3dde46eaaf53,valid_u/JPEGImages/3dde46eaaf53/00007.jpg,6
75,3dde46eaaf53,valid_u/JPEGImages/3dde46eaaf53/00002.jpg,7
76,3dde46eaaf53,valid_u/JPEGImages/3dde46eaaf53/00002.jpg,8
77,3dde46eaaf53,valid_u/JPEGImages/3dde46eaaf53/00002.jpg,9
78,3dde46eaaf53,valid_u/JPEGImages/3dde46eaaf53/00002.jpg,10
79,3dde46eaaf53,valid_u/JPEGImages/3dde46eaaf53/00002.jpg,11
80,3dde46eaaf53,valid_u/JPEGImages/3dde46eaaf53/00002.jpg,12
81,3dde46eaaf53,valid_u/JPEGImages/3dde46eaaf53/00002.jpg,13
82,3dde46eaaf53,valid_u/JPEGImages/3dde46eaaf53/00007.jpg,14
83,3dde46eaaf53,valid_u/JPEGImages/3dde46eaaf53/00007.jpg,15
84,3dde46eaaf53,valid_u/JPEGImages/3dde46eaaf53/00002.jpg,16
85,3dde46eaaf53,valid_u/JPEGImages/3dde46eaaf53/00002.jpg,17
86,3dde46eaaf53,valid_u/JPEGImages/3dde46eaaf53/00002.jpg,18
87,3dde46eaaf53,valid_u/JPEGImages/3dde46eaaf53/00002.jpg,19
88,3dde46eaaf53,valid_u/JPEGImages/3dde46eaaf53/00002.jpg,20
89,3dde46eaaf53,valid_u/JPEGImages/3dde46eaaf53/00002.jpg,21
90,3dde46eaaf53,valid_u/JPEGImages/3dde46eaaf53/00002.jpg,22
91,3dde46eaaf53,valid_u/JPEGImages/3dde46eaaf53/00002.jpg,23
92,3dde46eaaf53,valid_u/JPEGImages/3dde46eaaf53/00002.jpg,24
93,a9402f575b5c,valid_u/JPEGImages/a9402f575b5c/00017.jpg,0
94,a9402f575b5c,valid_u/JPEGImages/a9402f575b5c/00012.jpg,1
95,a9402f575b5c,valid_u/JPEGImages/a9402f575b5c/00015.jpg,2
96,a9402f575b5c,valid_u/JPEGImages/a9402f575b5c/00012.jpg,3
97,a9402f575b5c,valid_u/JPEGImages/a9402f575b5c/00012.jpg,4
98,a9402f575b5c,valid_u/JPEGImages/a9402f575b5c/00012.jpg,5
99,a9402f575b5c,valid_u/JPEGImages/a9402f575b5c/00014.jpg,6
100,a9402f575b5c,valid_u/JPEGImages/a9402f575b5c/00012.jpg,7
101,a9402f575b5c,valid_u/JPEGImages/a9402f575b5c/00012.jpg,8
102,a9402f575b5c,valid_u/JPEGImages/a9402f575b5c/00012.jpg,9
103,a9402f575b5c,valid_u/JPEGImages/a9402f575b5c/00012.jpg,10
104,a9402f575b5c,valid_u/JPEGImages/a9402f575b5c/00012.jpg,11
105,a9402f575b5c,valid_u/JPEGImages/a9402f575b5c/00015.jpg,12
106,a9402f575b5c,valid_u/JPEGImages/a9402f575b5c/00012.jpg,13
107,a9402f575b5c,valid_u/JPEGImages/a9402f575b5c/00025.jpg,14
108,a9402f575b5c,valid_u/JPEGImages/a9402f575b5c/00012.jpg,15
109,a9402f575b5c,valid_u/JPEGImages/a9402f575b5c/00012.jpg,16
110,a9402f575b5c,valid_u/JPEGImages/a9402f575b5c/00012.jpg,17
111,a9402f575b5c,valid_u/JPEGImages/a9402f575b5c/00012.jpg,18
112,a9402f575b5c,valid_u/JPEGImages/a9402f575b5c/00012.jpg,19
113,a9402f575b5c,valid_u/JPEGImages/a9402f575b5c/00012.jpg,20
114,a9402f575b5c,valid_u/JPEGImages/a9402f575b5c/00014.jpg,21
115,a9402f575b5c,valid_u/JPEGImages/a9402f575b5c/00016.jpg,22
116,a9402f575b5c,valid_u/JPEGImages/a9402f575b5c/00012.jpg,23
117,a9402f575b5c,valid_u/JPEGImages/a9402f575b5c/00017.jpg,24
118,a9402f575b5c,valid_u/JPEGImages/a9402f575b5c/00014.jpg,25
119,a9402f575b5c,valid_u/JPEGImages/a9402f575b5c/00012.jpg,26
120,a9402f575b5c,valid_u/JPEGImages/a9402f575b5c/00012.jpg,27
121,a9402f575b5c,valid_u/JPEGImages/a9402f575b5c/00014.jpg,28
122,a9402f575b5c,valid_u/JPEGImages/a9402f575b5c/00012.jpg,29
123,a9402f575b5c,valid_u/JPEGImages/a9402f575b5c/00014.jpg,30
124,a9402f575b5c,valid_u/JPEGImages/a9402f575b5c/00012.jpg,31
125,329909730c21,valid_u/JPEGImages/329909730c21/00012.jpg,0
126,329909730c21,valid_u/JPEGImages/329909730c21/00012.jpg,1
127,329909730c21,valid_u/JPEGImages/329909730c21/00012.jpg,2
128,329909730c21,valid_u/JPEGImages/329909730c21/00012.jpg,3
129,329909730c21,valid_u/JPEGImages/329909730c21/00012.jpg,4
130,329909730c21,valid_u/JPEGImages/329909730c21/00012.jpg,5
131,329909730c21,valid_u/JPEGImages/329909730c21/00012.jpg,6
132,329909730c21,valid_u/JPEGImages/329909730c21/00012.jpg,7
133,329909730c21,valid_u/JPEGImages/329909730c21/00012.jpg,8
134,329909730c21,valid_u/JPEGImages/329909730c21/00012.jpg,9
135,329909730c21,valid_u/JPEGImages/329909730c21/00012.jpg,10
136,329909730c21,valid_u/JPEGImages/329909730c21/00012.jpg,11
137,329909730c21,valid_u/JPEGImages/329909730c21/00012.jpg,12
138,329909730c21,valid_u/JPEGImages/329909730c21/00012.jpg,13
139,329909730c21,valid_u/JPEGImages/329909730c21/00012.jpg,14
140,329909730c21,valid_u/JPEGImages/329909730c21/00012.jpg,15
141,329909730c21,valid_u/JPEGImages/329909730c21/00012.jpg,16
142,329909730c21,valid_u/JPEGImages/329909730c21/00012.jpg,17
143,329909730c21,valid_u/JPEGImages/329909730c21/00012.jpg,18
144,329909730c21,valid_u/JPEGImages/329909730c21/00012.jpg,19
145,329909730c21,valid_u/JPEGImages/329909730c21/00012.jpg,20
146,329909730c21,valid_u/JPEGImages/329909730c21/00012.jpg,21
147,329909730c21,valid_u/JPEGImages/329909730c21/00012.jpg,22
148,329909730c21,valid_u/JPEGImages/329909730c21/00012.jpg,23
149,329909730c21,valid_u/JPEGImages/329909730c21/00012.jpg,24
150,2fbec459efc2,valid_u/JPEGImages/2fbec459efc2/00017.jpg,0
151,2fbec459efc2,valid_u/JPEGImages/2fbec459efc2/00001.jpg,1
152,2fbec459efc2,valid_u/JPEGImages/2fbec459efc2/00012.jpg,2
153,2fbec459efc2,valid_u/JPEGImages/2fbec459efc2/00025.jpg,3
154,2fbec459efc2,valid_u/JPEGImages/2fbec459efc2/00002.jpg,4
155,2fbec459efc2,valid_u/JPEGImages/2fbec459efc2/00001.jpg,5
156,2fbec459efc2,valid_u/JPEGImages/2fbec459efc2/00025.jpg,6
157,2fbec459efc2,valid_u/JPEGImages/2fbec459efc2/00002.jpg,7
158,2fbec459efc2,valid_u/JPEGImages/2fbec459efc2/00002.jpg,8
159,2fbec459efc2,valid_u/JPEGImages/2fbec459efc2/00002.jpg,9
160,2fbec459efc2,valid_u/JPEGImages/2fbec459efc2/00002.jpg,10
161,2fbec459efc2,valid_u/JPEGImages/2fbec459efc2/00002.jpg,11
162,2fbec459efc2,valid_u/JPEGImages/2fbec459efc2/00002.jpg,12
163,2fbec459efc2,valid_u/JPEGImages/2fbec459efc2/00002.jpg,13
164,2fbec459efc2,valid_u/JPEGImages/2fbec459efc2/00002.jpg,14
165,2fbec459efc2,valid_u/JPEGImages/2fbec459efc2/00002.jpg,15
166,2fbec459efc2,valid_u/JPEGImages/2fbec459efc2/00002.jpg,16
167,2fbec459efc2,valid_u/JPEGImages/2fbec459efc2/00002.jpg,17
168,2fbec459efc2,valid_u/JPEGImages/2fbec459efc2/00002.jpg,18
169,2fbec459efc2,valid_u/JPEGImages/2fbec459efc2/00015.jpg,19
170,2fbec459efc2,valid_u/JPEGImages/2fbec459efc2/00015.jpg,20
171,2fbec459efc2,valid_u/JPEGImages/2fbec459efc2/00002.jpg,21
172,2fbec459efc2,valid_u/JPEGImages/2fbec459efc2/00015.jpg,22
173,2fbec459efc2,valid_u/JPEGImages/2fbec459efc2/00002.jpg,23
174,2fbec459efc2,valid_u/JPEGImages/2fbec459efc2/00002.jpg,24
175,2fbec459efc2,valid_u/JPEGImages/2fbec459efc2/00002.jpg,25
176,2fbec459efc2,valid_u/JPEGImages/2fbec459efc2/00002.jpg,26
177,2fbec459efc2,valid_u/JPEGImages/2fbec459efc2/00002.jpg,27
178,2fbec459efc2,valid_u/JPEGImages/2fbec459efc2/00002.jpg,28
179,2fbec459efc2,valid_u/JPEGImages/2fbec459efc2/00015.jpg,29
180,2fbec459efc2,valid_u/JPEGImages/2fbec459efc2/00015.jpg,30
181,2fbec459efc2,valid_u/JPEGImages/2fbec459efc2/00015.jpg,31
182,2fbec459efc2,valid_u/JPEGImages/2fbec459efc2/00015.jpg,32
183,a8f81143d09a,valid_u/JPEGImages/a8f81143d09a/00002.jpg,0
184,a8f81143d09a,valid_u/JPEGImages/a8f81143d09a/00030.jpg,1
185,a8f81143d09a,valid_u/JPEGImages/a8f81143d09a/00003.jpg,2
186,84bf89fe11fe,valid_u/JPEGImages/84bf89fe11fe/00012.jpg,0
187,84bf89fe11fe,valid_u/JPEGImages/84bf89fe11fe/00014.jpg,1
188,84bf89fe11fe,valid_u/JPEGImages/84bf89fe11fe/00014.jpg,2
189,84bf89fe11fe,valid_u/JPEGImages/84bf89fe11fe/00015.jpg,3
190,84bf89fe11fe,valid_u/JPEGImages/84bf89fe11fe/00014.jpg,4
191,84bf89fe11fe,valid_u/JPEGImages/84bf89fe11fe/00014.jpg,5
192,84bf89fe11fe,valid_u/JPEGImages/84bf89fe11fe/00014.jpg,6
193,84bf89fe11fe,valid_u/JPEGImages/84bf89fe11fe/00028.jpg,7
194,84bf89fe11fe,valid_u/JPEGImages/84bf89fe11fe/00014.jpg,8
195,84bf89fe11fe,valid_u/JPEGImages/84bf89fe11fe/00012.jpg,9
196,84bf89fe11fe,valid_u/JPEGImages/84bf89fe11fe/00027.jpg,10
197,84bf89fe11fe,valid_u/JPEGImages/84bf89fe11fe/00015.jpg,11
198,84bf89fe11fe,valid_u/JPEGImages/84bf89fe11fe/00028.jpg,12
199,84bf89fe11fe,valid_u/JPEGImages/84bf89fe11fe/00012.jpg,13
200,84bf89fe11fe,valid_u/JPEGImages/84bf89fe11fe/00014.jpg,14
201,84bf89fe11fe,valid_u/JPEGImages/84bf89fe11fe/00014.jpg,15
202,84bf89fe11fe,valid_u/JPEGImages/84bf89fe11fe/00012.jpg,16
203,84bf89fe11fe,valid_u/JPEGImages/84bf89fe11fe/00012.jpg,17
204,84bf89fe11fe,valid_u/JPEGImages/84bf89fe11fe/00012.jpg,18
205,84bf89fe11fe,valid_u/JPEGImages/84bf89fe11fe/00012.jpg,19
206,84bf89fe11fe,valid_u/JPEGImages/84bf89fe11fe/00012.jpg,20
207,84bf89fe11fe,valid_u/JPEGImages/84bf89fe11fe/00028.jpg,21
208,84bf89fe11fe,valid_u/JPEGImages/84bf89fe11fe/00028.jpg,22
209,84bf89fe11fe,valid_u/JPEGImages/84bf89fe11fe/00028.jpg,23
210,84bf89fe11fe,valid_u/JPEGImages/84bf89fe11fe/00014.jpg,24
211,84bf89fe11fe,valid_u/JPEGImages/84bf89fe11fe/00015.jpg,25
212,84bf89fe11fe,valid_u/JPEGImages/84bf89fe11fe/00014.jpg,26
213,84bf89fe11fe,valid_u/JPEGImages/84bf89fe11fe/00027.jpg,27
214,84bf89fe11fe,valid_u/JPEGImages/84bf89fe11fe/00014.jpg,28
215,84bf89fe11fe,valid_u/JPEGImages/84bf89fe11fe/00028.jpg,29
216,410dae675d9a,valid_u/JPEGImages/410dae675d9a/00025.jpg,0
217,410dae675d9a,valid_u/JPEGImages/410dae675d9a/00005.jpg,1
218,410dae675d9a,valid_u/JPEGImages/410dae675d9a/00012.jpg,2
219,410dae675d9a,valid_u/JPEGImages/410dae675d9a/00025.jpg,3
220,410dae675d9a,valid_u/JPEGImages/410dae675d9a/00002.jpg,4
221,410dae675d9a,valid_u/JPEGImages/410dae675d9a/00002.jpg,5
222,410dae675d9a,valid_u/JPEGImages/410dae675d9a/00006.jpg,6
223,410dae675d9a,valid_u/JPEGImages/410dae675d9a/00006.jpg,7
224,410dae675d9a,valid_u/JPEGImages/410dae675d9a/00006.jpg,8
225,410dae675d9a,valid_u/JPEGImages/410dae675d9a/00006.jpg,9
226,410dae675d9a,valid_u/JPEGImages/410dae675d9a/00007.jpg,10
227,410dae675d9a,valid_u/JPEGImages/410dae675d9a/00025.jpg,11
228,410dae675d9a,valid_u/JPEGImages/410dae675d9a/00006.jpg,12
229,410dae675d9a,valid_u/JPEGImages/410dae675d9a/00006.jpg,13
230,410dae675d9a,valid_u/JPEGImages/410dae675d9a/00006.jpg,14
231,410dae675d9a,valid_u/JPEGImages/410dae675d9a/00006.jpg,15
232,410dae675d9a,valid_u/JPEGImages/410dae675d9a/00002.jpg,16
233,410dae675d9a,valid_u/JPEGImages/410dae675d9a/00002.jpg,17
234,410dae675d9a,valid_u/JPEGImages/410dae675d9a/00002.jpg,18
235,410dae675d9a,valid_u/JPEGImages/410dae675d9a/00002.jpg,19
236,410dae675d9a,valid_u/JPEGImages/410dae675d9a/00002.jpg,20
237,410dae675d9a,valid_u/JPEGImages/410dae675d9a/00002.jpg,21
238,410dae675d9a,valid_u/JPEGImages/410dae675d9a/00002.jpg,22
239,410dae675d9a,valid_u/JPEGImages/410dae675d9a/00002.jpg,23
240,410dae675d9a,valid_u/JPEGImages/410dae675d9a/00002.jpg,24
241,410dae675d9a,valid_u/JPEGImages/410dae675d9a/00002.jpg,25
242,410dae675d9a,valid_u/JPEGImages/410dae675d9a/00006.jpg,26
243,410dae675d9a,valid_u/JPEGImages/410dae675d9a/00005.jpg,27
244,410dae675d9a,valid_u/JPEGImages/410dae675d9a/00006.jpg,28
245,410dae675d9a,valid_u/JPEGImages/410dae675d9a/00007.jpg,29
246,410dae675d9a,valid_u/JPEGImages/410dae675d9a/00001.jpg,30
247,410dae675d9a,valid_u/JPEGImages/410dae675d9a/00006.jpg,31
248,410dae675d9a,valid_u/JPEGImages/410dae675d9a/00006.jpg,32
249,410dae675d9a,valid_u/JPEGImages/410dae675d9a/00012.jpg,33
250,410dae675d9a,valid_u/JPEGImages/410dae675d9a/00006.jpg,34
251,410dae675d9a,valid_u/JPEGImages/410dae675d9a/00006.jpg,35
252,3ab5432a1927,valid_u/JPEGImages/3ab5432a1927/00002.jpg,0
253,3ab5432a1927,valid_u/JPEGImages/3ab5432a1927/00002.jpg,1
254,3ab5432a1927,valid_u/JPEGImages/3ab5432a1927/00002.jpg,2
255,3ab5432a1927,valid_u/JPEGImages/3ab5432a1927/00005.jpg,3
256,3ab5432a1927,valid_u/JPEGImages/3ab5432a1927/00002.jpg,4
257,3ab5432a1927,valid_u/JPEGImages/3ab5432a1927/00002.jpg,5
258,3ab5432a1927,valid_u/JPEGImages/3ab5432a1927/00025.jpg,6
259,3ab5432a1927,valid_u/JPEGImages/3ab5432a1927/00002.jpg,7
260,3ab5432a1927,valid_u/JPEGImages/3ab5432a1927/00002.jpg,8
261,3ab5432a1927,valid_u/JPEGImages/3ab5432a1927/00002.jpg,9
262,3ab5432a1927,valid_u/JPEGImages/3ab5432a1927/00002.jpg,10
263,3ab5432a1927,valid_u/JPEGImages/3ab5432a1927/00002.jpg,11
264,3aa794eb940f,valid_u/JPEGImages/3aa794eb940f/00012.jpg,0
265,3aa794eb940f,valid_u/JPEGImages/3aa794eb940f/00002.jpg,1
266,3aa794eb940f,valid_u/JPEGImages/3aa794eb940f/00005.jpg,2
267,3aa794eb940f,valid_u/JPEGImages/3aa794eb940f/00005.jpg,3
268,3aa794eb940f,valid_u/JPEGImages/3aa794eb940f/00012.jpg,4
269,3aa794eb940f,valid_u/JPEGImages/3aa794eb940f/00012.jpg,5
270,3aa794eb940f,valid_u/JPEGImages/3aa794eb940f/00014.jpg,6
271,3aa794eb940f,valid_u/JPEGImages/3aa794eb940f/00012.jpg,7
272,3aa794eb940f,valid_u/JPEGImages/3aa794eb940f/00000.jpg,8
273,3aa794eb940f,valid_u/JPEGImages/3aa794eb940f/00012.jpg,9
274,3aa794eb940f,valid_u/JPEGImages/3aa794eb940f/00002.jpg,10
275,e8d09effc9e0,valid_u/JPEGImages/e8d09effc9e0/00012.jpg,0
276,e8d09effc9e0,valid_u/JPEGImages/e8d09effc9e0/00012.jpg,1
277,e8d09effc9e0,valid_u/JPEGImages/e8d09effc9e0/00015.jpg,2
278,e8d09effc9e0,valid_u/JPEGImages/e8d09effc9e0/00002.jpg,3
279,e8d09effc9e0,valid_u/JPEGImages/e8d09effc9e0/00005.jpg,4
280,e8d09effc9e0,valid_u/JPEGImages/e8d09effc9e0/00005.jpg,5
281,e8d09effc9e0,valid_u/JPEGImages/e8d09effc9e0/00005.jpg,6
282,e8d09effc9e0,valid_u/JPEGImages/e8d09effc9e0/00013.jpg,7
283,7fd5537074bd,valid_u/JPEGImages/7fd5537074bd/00002.jpg,0
284,7fd5537074bd,valid_u/JPEGImages/7fd5537074bd/00002.jpg,1
285,7fd5537074bd,valid_u/JPEGImages/7fd5537074bd/00002.jpg,2
286,7fd5537074bd,valid_u/JPEGImages/7fd5537074bd/00007.jpg,3
287,7fd5537074bd,valid_u/JPEGImages/7fd5537074bd/00002.jpg,4
288,7fd5537074bd,valid_u/JPEGImages/7fd5537074bd/00002.jpg,5
289,7fd5537074bd,valid_u/JPEGImages/7fd5537074bd/00017.jpg,6
290,7fd5537074bd,valid_u/JPEGImages/7fd5537074bd/00019.jpg,7
291,7fd5537074bd,valid_u/JPEGImages/7fd5537074bd/00019.jpg,8
292,7fd5537074bd,valid_u/JPEGImages/7fd5537074bd/00017.jpg,9
293,7fd5537074bd,valid_u/JPEGImages/7fd5537074bd/00002.jpg,10
294,7fd5537074bd,valid_u/JPEGImages/7fd5537074bd/00002.jpg,11
295,7fd5537074bd,valid_u/JPEGImages/7fd5537074bd/00002.jpg,12
296,7fd5537074bd,valid_u/JPEGImages/7fd5537074bd/00002.jpg,13
297,7fd5537074bd,valid_u/JPEGImages/7fd5537074bd/00002.jpg,14
298,2be7a463bbbf,valid_u/JPEGImages/2be7a463bbbf/00015.jpg,0
299,2be7a463bbbf,valid_u/JPEGImages/2be7a463bbbf/00006.jpg,1
300,2be7a463bbbf,valid_u/JPEGImages/2be7a463bbbf/00005.jpg,2
301,2be7a463bbbf,valid_u/JPEGImages/2be7a463bbbf/00005.jpg,3
302,2be7a463bbbf,valid_u/JPEGImages/2be7a463bbbf/00005.jpg,4
303,2be7a463bbbf,valid_u/JPEGImages/2be7a463bbbf/00015.jpg,5
304,2be7a463bbbf,valid_u/JPEGImages/2be7a463bbbf/00002.jpg,6
305,2be7a463bbbf,valid_u/JPEGImages/2be7a463bbbf/00005.jpg,7
306,2be7a463bbbf,valid_u/JPEGImages/2be7a463bbbf/00005.jpg,8
307,2be7a463bbbf,valid_u/JPEGImages/2be7a463bbbf/00007.jpg,9
308,2be7a463bbbf,valid_u/JPEGImages/2be7a463bbbf/00002.jpg,10
309,2be7a463bbbf,valid_u/JPEGImages/2be7a463bbbf/00002.jpg,11
310,2be7a463bbbf,valid_u/JPEGImages/2be7a463bbbf/00002.jpg,12
311,2be7a463bbbf,valid_u/JPEGImages/2be7a463bbbf/00002.jpg,13
312,2be7a463bbbf,valid_u/JPEGImages/2be7a463bbbf/00002.jpg,14
313,ed7d7148e132,valid_u/JPEGImages/ed7d7148e132/00012.jpg,0
314,ed7d7148e132,valid_u/JPEGImages/ed7d7148e132/00001.jpg,1
315,ed7d7148e132,valid_u/JPEGImages/ed7d7148e132/00013.jpg,2
316,ed7d7148e132,valid_u/JPEGImages/ed7d7148e132/00013.jpg,3
317,ed7d7148e132,valid_u/JPEGImages/ed7d7148e132/00012.jpg,4
318,ed7d7148e132,valid_u/JPEGImages/ed7d7148e132/00000.jpg,5
319,ed7d7148e132,valid_u/JPEGImages/ed7d7148e132/00006.jpg,6
320,ed7d7148e132,valid_u/JPEGImages/ed7d7148e132/00002.jpg,7
321,ed7d7148e132,valid_u/JPEGImages/ed7d7148e132/00014.jpg,8
322,ed7d7148e132,valid_u/JPEGImages/ed7d7148e132/00012.jpg,9
323,ed7d7148e132,valid_u/JPEGImages/ed7d7148e132/00006.jpg,10
324,6eac00b5f389,valid_u/JPEGImages/6eac00b5f389/00002.jpg,0
325,6eac00b5f389,valid_u/JPEGImages/6eac00b5f389/00010.jpg,1
326,6eac00b5f389,valid_u/JPEGImages/6eac00b5f389/00005.jpg,2
327,6eac00b5f389,valid_u/JPEGImages/6eac00b5f389/00002.jpg,3
328,6eac00b5f389,valid_u/JPEGImages/6eac00b5f389/00012.jpg,4
329,6eac00b5f389,valid_u/JPEGImages/6eac00b5f389/00014.jpg,5
330,6eac00b5f389,valid_u/JPEGImages/6eac00b5f389/00001.jpg,6
331,6eac00b5f389,valid_u/JPEGImages/6eac00b5f389/00014.jpg,7
332,6eac00b5f389,valid_u/JPEGImages/6eac00b5f389/00008.jpg,8
333,6eac00b5f389,valid_u/JPEGImages/6eac00b5f389/00008.jpg,9
334,6eac00b5f389,valid_u/JPEGImages/6eac00b5f389/00017.jpg,10
335,6eac00b5f389,valid_u/JPEGImages/6eac00b5f389/00015.jpg,11
336,6eac00b5f389,valid_u/JPEGImages/6eac00b5f389/00008.jpg,12
337,e262e26da29e,valid_u/JPEGImages/e262e26da29e/00002.jpg,0
338,e262e26da29e,valid_u/JPEGImages/e262e26da29e/00002.jpg,1
339,e262e26da29e,valid_u/JPEGImages/e262e26da29e/00002.jpg,2
340,e262e26da29e,valid_u/JPEGImages/e262e26da29e/00002.jpg,3
341,e262e26da29e,valid_u/JPEGImages/e262e26da29e/00002.jpg,4
342,e262e26da29e,valid_u/JPEGImages/e262e26da29e/00005.jpg,5
343,e262e26da29e,valid_u/JPEGImages/e262e26da29e/00002.jpg,6
344,e262e26da29e,valid_u/JPEGImages/e262e26da29e/00002.jpg,7
345,e262e26da29e,valid_u/JPEGImages/e262e26da29e/00002.jpg,8
346,e262e26da29e,valid_u/JPEGImages/e262e26da29e/00002.jpg,9
347,e262e26da29e,valid_u/JPEGImages/e262e26da29e/00002.jpg,10
348,ee6855dcefee,valid_u/JPEGImages/ee6855dcefee/00002.jpg,0
349,ee6855dcefee,valid_u/JPEGImages/ee6855dcefee/00005.jpg,1
350,ee6855dcefee,valid_u/JPEGImages/ee6855dcefee/00002.jpg,2
351,ee6855dcefee,valid_u/JPEGImages/ee6855dcefee/00002.jpg,3
352,ee6855dcefee,valid_u/JPEGImages/ee6855dcefee/00002.jpg,4
353,ee6855dcefee,valid_u/JPEGImages/ee6855dcefee/00002.jpg,5
354,ee6855dcefee,valid_u/JPEGImages/ee6855dcefee/00002.jpg,6
355,ee6855dcefee,valid_u/JPEGImages/ee6855dcefee/00012.jpg,7
356,ee6855dcefee,valid_u/JPEGImages/ee6855dcefee/00002.jpg,8
357,ee6855dcefee,valid_u/JPEGImages/ee6855dcefee/00010.jpg,9
358,ee6855dcefee,valid_u/JPEGImages/ee6855dcefee/00002.jpg,10
359,ee6855dcefee,valid_u/JPEGImages/ee6855dcefee/00000.jpg,11
360,ee6855dcefee,valid_u/JPEGImages/ee6855dcefee/00005.jpg,12
361,ee6855dcefee,valid_u/JPEGImages/ee6855dcefee/00002.jpg,13
362,ee6855dcefee,valid_u/JPEGImages/ee6855dcefee/00002.jpg,14
363,ee6855dcefee,valid_u/JPEGImages/ee6855dcefee/00005.jpg,15
364,ee6855dcefee,valid_u/JPEGImages/ee6855dcefee/00017.jpg,16
365,ee6855dcefee,valid_u/JPEGImages/ee6855dcefee/00015.jpg,17
366,ee6855dcefee,valid_u/JPEGImages/ee6855dcefee/00002.jpg,18
367,ee6855dcefee,valid_u/JPEGImages/ee6855dcefee/00002.jpg,19
368,d32e4f23eb40,valid_u/JPEGImages/d32e4f23eb40/00002.jpg,0
369,d32e4f23eb40,valid_u/JPEGImages/d32e4f23eb40/00002.jpg,1
370,d32e4f23eb40,valid_u/JPEGImages/d32e4f23eb40/00002.jpg,3
371,d32e4f23eb40,valid_u/JPEGImages/d32e4f23eb40/00002.jpg,4
372,d32e4f23eb40,valid_u/JPEGImages/d32e4f23eb40/00007.jpg,5
373,d32e4f23eb40,valid_u/JPEGImages/d32e4f23eb40/00002.jpg,6
374,d32e4f23eb40,valid_u/JPEGImages/d32e4f23eb40/00002.jpg,7
375,d32e4f23eb40,valid_u/JPEGImages/d32e4f23eb40/00002.jpg,8
376,d32e4f23eb40,valid_u/JPEGImages/d32e4f23eb40/00002.jpg,9
377,d32e4f23eb40,valid_u/JPEGImages/d32e4f23eb40/00002.jpg,10
378,d32e4f23eb40,valid_u/JPEGImages/d32e4f23eb40/00002.jpg,11
379,d32e4f23eb40,valid_u/JPEGImages/d32e4f23eb40/00002.jpg,12
380,d32e4f23eb40,valid_u/JPEGImages/d32e4f23eb40/00002.jpg,13
381,d32e4f23eb40,valid_u/JPEGImages/d32e4f23eb40/00002.jpg,14
382,d32e4f23eb40,valid_u/JPEGImages/d32e4f23eb40/00002.jpg,15
383,d32e4f23eb40,valid_u/JPEGImages/d32e4f23eb40/00002.jpg,16
384,d32e4f23eb40,valid_u/JPEGImages/d32e4f23eb40/00025.jpg,17
385,d32e4f23eb40,valid_u/JPEGImages/d32e4f23eb40/00002.jpg,18
386,d32e4f23eb40,valid_u/JPEGImages/d32e4f23eb40/00025.jpg,19
387,d32e4f23eb40,valid_u/JPEGImages/d32e4f23eb40/00002.jpg,20
388,d32e4f23eb40,valid_u/JPEGImages/d32e4f23eb40/00027.jpg,21
389,7e2c7992b71f,valid_u/JPEGImages/7e2c7992b71f/00002.jpg,0
390,7e2c7992b71f,valid_u/JPEGImages/7e2c7992b71f/00002.jpg,1
391,7e2c7992b71f,valid_u/JPEGImages/7e2c7992b71f/00002.jpg,2
392,7e2c7992b71f,valid_u/JPEGImages/7e2c7992b71f/00015.jpg,3
393,7e2c7992b71f,valid_u/JPEGImages/7e2c7992b71f/00015.jpg,4
394,7e2c7992b71f,valid_u/JPEGImages/7e2c7992b71f/00017.jpg,5
395,7e2c7992b71f,valid_u/JPEGImages/7e2c7992b71f/00015.jpg,6
396,7e2c7992b71f,valid_u/JPEGImages/7e2c7992b71f/00017.jpg,7
397,7e2c7992b71f,valid_u/JPEGImages/7e2c7992b71f/00017.jpg,8
398,7e2c7992b71f,valid_u/JPEGImages/7e2c7992b71f/00002.jpg,9
399,7e2c7992b71f,valid_u/JPEGImages/7e2c7992b71f/00002.jpg,10
400,7e2c7992b71f,valid_u/JPEGImages/7e2c7992b71f/00002.jpg,11
401,7e2c7992b71f,valid_u/JPEGImages/7e2c7992b71f/00002.jpg,12
402,7e2c7992b71f,valid_u/JPEGImages/7e2c7992b71f/00002.jpg,13
403,7e2c7992b71f,valid_u/JPEGImages/7e2c7992b71f/00005.jpg,14
404,7e2c7992b71f,valid_u/JPEGImages/7e2c7992b71f/00005.jpg,15
405,7e2c7992b71f,valid_u/JPEGImages/7e2c7992b71f/00005.jpg,16
406,7e2c7992b71f,valid_u/JPEGImages/7e2c7992b71f/00005.jpg,17
407,7e2c7992b71f,valid_u/JPEGImages/7e2c7992b71f/00002.jpg,18
408,a1dbd8258387,valid_u/JPEGImages/a1dbd8258387/00002.jpg,0
409,a1dbd8258387,valid_u/JPEGImages/a1dbd8258387/00002.jpg,1
410,a1dbd8258387,valid_u/JPEGImages/a1dbd8258387/00002.jpg,2
411,a1dbd8258387,valid_u/JPEGImages/a1dbd8258387/00002.jpg,3
412,a1dbd8258387,valid_u/JPEGImages/a1dbd8258387/00002.jpg,4
413,a1dbd8258387,valid_u/JPEGImages/a1dbd8258387/00001.jpg,5
414,a1dbd8258387,valid_u/JPEGImages/a1dbd8258387/00002.jpg,6
415,a1dbd8258387,valid_u/JPEGImages/a1dbd8258387/00002.jpg,7
416,a1dbd8258387,valid_u/JPEGImages/a1dbd8258387/00002.jpg,8
417,a1dbd8258387,valid_u/JPEGImages/a1dbd8258387/00002.jpg,9
418,a1dbd8258387,valid_u/JPEGImages/a1dbd8258387/00002.jpg,10
419,a1dbd8258387,valid_u/JPEGImages/a1dbd8258387/00002.jpg,11
420,a1dbd8258387,valid_u/JPEGImages/a1dbd8258387/00002.jpg,12
421,a1dbd8258387,valid_u/JPEGImages/a1dbd8258387/00002.jpg,13
422,a1dbd8258387,valid_u/JPEGImages/a1dbd8258387/00002.jpg,14
423,a1dbd8258387,valid_u/JPEGImages/a1dbd8258387/00002.jpg,15
424,a1dbd8258387,valid_u/JPEGImages/a1dbd8258387/00002.jpg,16
425,a1dbd8258387,valid_u/JPEGImages/a1dbd8258387/00015.jpg,17
426,a1dbd8258387,valid_u/JPEGImages/a1dbd8258387/00002.jpg,18
427,a1dbd8258387,valid_u/JPEGImages/a1dbd8258387/00002.jpg,19
428,a1dbd8258387,valid_u/JPEGImages/a1dbd8258387/00002.jpg,20
429,e339e02b5b3c,valid_u/JPEGImages/e339e02b5b3c/00005.jpg,0
430,e339e02b5b3c,valid_u/JPEGImages/e339e02b5b3c/00002.jpg,1
431,e339e02b5b3c,valid_u/JPEGImages/e339e02b5b3c/00002.jpg,2
432,e339e02b5b3c,valid_u/JPEGImages/e339e02b5b3c/00002.jpg,3
433,e339e02b5b3c,valid_u/JPEGImages/e339e02b5b3c/00001.jpg,4
434,e339e02b5b3c,valid_u/JPEGImages/e339e02b5b3c/00012.jpg,5
435,e339e02b5b3c,valid_u/JPEGImages/e339e02b5b3c/00014.jpg,6
436,e339e02b5b3c,valid_u/JPEGImages/e339e02b5b3c/00014.jpg,7
437,e339e02b5b3c,valid_u/JPEGImages/e339e02b5b3c/00012.jpg,8
438,e339e02b5b3c,valid_u/JPEGImages/e339e02b5b3c/00014.jpg,9
439,e339e02b5b3c,valid_u/JPEGImages/e339e02b5b3c/00002.jpg,10
440,e339e02b5b3c,valid_u/JPEGImages/e339e02b5b3c/00002.jpg,11
441,750176309b94,valid_u/JPEGImages/750176309b94/00027.jpg,0
442,750176309b94,valid_u/JPEGImages/750176309b94/00002.jpg,1
443,750176309b94,valid_u/JPEGImages/750176309b94/00002.jpg,2
444,750176309b94,valid_u/JPEGImages/750176309b94/00002.jpg,3
445,750176309b94,valid_u/JPEGImages/750176309b94/00002.jpg,4
446,750176309b94,valid_u/JPEGImages/750176309b94/00002.jpg,5
447,750176309b94,valid_u/JPEGImages/750176309b94/00002.jpg,6
448,750176309b94,valid_u/JPEGImages/750176309b94/00002.jpg,7
449,750176309b94,valid_u/JPEGImages/750176309b94/00002.jpg,8
450,750176309b94,valid_u/JPEGImages/750176309b94/00002.jpg,9
451,750176309b94,valid_u/JPEGImages/750176309b94/00002.jpg,10
452,750176309b94,valid_u/JPEGImages/750176309b94/00002.jpg,11
453,750176309b94,valid_u/JPEGImages/750176309b94/00002.jpg,12
454,750176309b94,valid_u/JPEGImages/750176309b94/00002.jpg,13
455,750176309b94,valid_u/JPEGImages/750176309b94/00002.jpg,14
456,750176309b94,valid_u/JPEGImages/750176309b94/00002.jpg,15
457,750176309b94,valid_u/JPEGImages/750176309b94/00002.jpg,16
458,750176309b94,valid_u/JPEGImages/750176309b94/00002.jpg,17
459,750176309b94,valid_u/JPEGImages/750176309b94/00002.jpg,18
460,750176309b94,valid_u/JPEGImages/750176309b94/00002.jpg,19
461,945c47a50243,valid_u/JPEGImages/945c47a50243/00002.jpg,0
462,945c47a50243,valid_u/JPEGImages/945c47a50243/00005.jpg,1
463,945c47a50243,valid_u/JPEGImages/945c47a50243/00002.jpg,2
464,945c47a50243,valid_u/JPEGImages/945c47a50243/00002.jpg,3
465,945c47a50243,valid_u/JPEGImages/945c47a50243/00002.jpg,4
466,945c47a50243,valid_u/JPEGImages/945c47a50243/00007.jpg,5
467,945c47a50243,valid_u/JPEGImages/945c47a50243/00002.jpg,6
468,945c47a50243,valid_u/JPEGImages/945c47a50243/00002.jpg,7
469,945c47a50243,valid_u/JPEGImages/945c47a50243/00005.jpg,8
470,945c47a50243,valid_u/JPEGImages/945c47a50243/00005.jpg,9
471,945c47a50243,valid_u/JPEGImages/945c47a50243/00002.jpg,10
472,945c47a50243,valid_u/JPEGImages/945c47a50243/00007.jpg,11
473,945c47a50243,valid_u/JPEGImages/945c47a50243/00002.jpg,12
474,945c47a50243,valid_u/JPEGImages/945c47a50243/00002.jpg,13
475,945c47a50243,valid_u/JPEGImages/945c47a50243/00002.jpg,14
476,945c47a50243,valid_u/JPEGImages/945c47a50243/00002.jpg,15
477,945c47a50243,valid_u/JPEGImages/945c47a50243/00007.jpg,16
478,945c47a50243,valid_u/JPEGImages/945c47a50243/00007.jpg,17
479,945c47a50243,valid_u/JPEGImages/945c47a50243/00015.jpg,18
480,945c47a50243,valid_u/JPEGImages/945c47a50243/00002.jpg,19
481,945c47a50243,valid_u/JPEGImages/945c47a50243/00002.jpg,20
482,945c47a50243,valid_u/JPEGImages/945c47a50243/00002.jpg,21
483,945c47a50243,valid_u/JPEGImages/945c47a50243/00006.jpg,22
484,945c47a50243,valid_u/JPEGImages/945c47a50243/00005.jpg,23
485,945c47a50243,valid_u/JPEGImages/945c47a50243/00006.jpg,24
486,945c47a50243,valid_u/JPEGImages/945c47a50243/00007.jpg,25
487,945c47a50243,valid_u/JPEGImages/945c47a50243/00006.jpg,26
488,945c47a50243,valid_u/JPEGImages/945c47a50243/00005.jpg,27
489,945c47a50243,valid_u/JPEGImages/945c47a50243/00005.jpg,28
490,b4d6cf8c922c,valid_u/JPEGImages/b4d6cf8c922c/00025.jpg,0
491,b4d6cf8c922c,valid_u/JPEGImages/b4d6cf8c922c/00002.jpg,1
492,b4d6cf8c922c,valid_u/JPEGImages/b4d6cf8c922c/00025.jpg,2
493,b4d6cf8c922c,valid_u/JPEGImages/b4d6cf8c922c/00015.jpg,3
494,b4d6cf8c922c,valid_u/JPEGImages/b4d6cf8c922c/00025.jpg,4
495,b4d6cf8c922c,valid_u/JPEGImages/b4d6cf8c922c/00025.jpg,5
496,b4d6cf8c922c,valid_u/JPEGImages/b4d6cf8c922c/00025.jpg,6
497,b4d6cf8c922c,valid_u/JPEGImages/b4d6cf8c922c/00007.jpg,7
498,b4d6cf8c922c,valid_u/JPEGImages/b4d6cf8c922c/00002.jpg,8
499,b4d6cf8c922c,valid_u/JPEGImages/b4d6cf8c922c/00002.jpg,9
500,b4d6cf8c922c,valid_u/JPEGImages/b4d6cf8c922c/00002.jpg,10
501,b4d6cf8c922c,valid_u/JPEGImages/b4d6cf8c922c/00002.jpg,11
502,b4d6cf8c922c,valid_u/JPEGImages/b4d6cf8c922c/00002.jpg,12
503,b4d6cf8c922c,valid_u/JPEGImages/b4d6cf8c922c/00002.jpg,13
504,b4d6cf8c922c,valid_u/JPEGImages/b4d6cf8c922c/00022.jpg,14
505,b4d6cf8c922c,valid_u/JPEGImages/b4d6cf8c922c/00027.jpg,15
506,b4d6cf8c922c,valid_u/JPEGImages/b4d6cf8c922c/00025.jpg,16
507,4c18b41f0691,valid_u/JPEGImages/4c18b41f0691/00002.jpg,0
508,4c18b41f0691,valid_u/JPEGImages/4c18b41f0691/00015.jpg,1
509,4c18b41f0691,valid_u/JPEGImages/4c18b41f0691/00002.jpg,2
510,4c18b41f0691,valid_u/JPEGImages/4c18b41f0691/00002.jpg,3
511,4c18b41f0691,valid_u/JPEGImages/4c18b41f0691/00002.jpg,4
512,4c18b41f0691,valid_u/JPEGImages/4c18b41f0691/00002.jpg,5
513,4c18b41f0691,valid_u/JPEGImages/4c18b41f0691/00002.jpg,6
514,4c18b41f0691,valid_u/JPEGImages/4c18b41f0691/00002.jpg,7
515,4c18b41f0691,valid_u/JPEGImages/4c18b41f0691/00002.jpg,8
516,4c18b41f0691,valid_u/JPEGImages/4c18b41f0691/00002.jpg,9
517,4c18b41f0691,valid_u/JPEGImages/4c18b41f0691/00002.jpg,10
518,521a90b654ca,valid_u/JPEGImages/521a90b654ca/00037.jpg,0
519,521a90b654ca,valid_u/JPEGImages/521a90b654ca/00037.jpg,1
520,521a90b654ca,valid_u/JPEGImages/521a90b654ca/00005.jpg,2
521,521a90b654ca,valid_u/JPEGImages/521a90b654ca/00027.jpg,3
522,521a90b654ca,valid_u/JPEGImages/521a90b654ca/00037.jpg,4
523,521a90b654ca,valid_u/JPEGImages/521a90b654ca/00038.jpg,5
524,521a90b654ca,valid_u/JPEGImages/521a90b654ca/00003.jpg,6
525,521a90b654ca,valid_u/JPEGImages/521a90b654ca/00037.jpg,7
526,521a90b654ca,valid_u/JPEGImages/521a90b654ca/00027.jpg,8
527,521a90b654ca,valid_u/JPEGImages/521a90b654ca/00027.jpg,9
528,521a90b654ca,valid_u/JPEGImages/521a90b654ca/00027.jpg,10
529,521a90b654ca,valid_u/JPEGImages/521a90b654ca/00027.jpg,11
530,521a90b654ca,valid_u/JPEGImages/521a90b654ca/00027.jpg,12
531,176441fee569,valid_u/JPEGImages/176441fee569/00012.jpg,0
532,176441fee569,valid_u/JPEGImages/176441fee569/00014.jpg,1
533,176441fee569,valid_u/JPEGImages/176441fee569/00014.jpg,2
534,176441fee569,valid_u/JPEGImages/176441fee569/00014.jpg,3
535,9f542dded87c,valid_u/JPEGImages/9f542dded87c/00015.jpg,0
536,9f542dded87c,valid_u/JPEGImages/9f542dded87c/00002.jpg,1
537,9f542dded87c,valid_u/JPEGImages/9f542dded87c/00002.jpg,2
538,9f542dded87c,valid_u/JPEGImages/9f542dded87c/00027.jpg,3
539,9f542dded87c,valid_u/JPEGImages/9f542dded87c/00027.jpg,4
540,69022e1f8fe3,valid_u/JPEGImages/69022e1f8fe3/00017.jpg,0
541,69022e1f8fe3,valid_u/JPEGImages/69022e1f8fe3/00021.jpg,1
542,69022e1f8fe3,valid_u/JPEGImages/69022e1f8fe3/00005.jpg,2
543,69022e1f8fe3,valid_u/JPEGImages/69022e1f8fe3/00005.jpg,3
544,69022e1f8fe3,valid_u/JPEGImages/69022e1f8fe3/00005.jpg,4
545,69022e1f8fe3,valid_u/JPEGImages/69022e1f8fe3/00019.jpg,5
546,69022e1f8fe3,valid_u/JPEGImages/69022e1f8fe3/00019.jpg,6
547,69022e1f8fe3,valid_u/JPEGImages/69022e1f8fe3/00000.jpg,7
548,69022e1f8fe3,valid_u/JPEGImages/69022e1f8fe3/00000.jpg,8
549,69022e1f8fe3,valid_u/JPEGImages/69022e1f8fe3/00023.jpg,9
550,69022e1f8fe3,valid_u/JPEGImages/69022e1f8fe3/00000.jpg,10
551,d6c1a055ae91,valid_u/JPEGImages/d6c1a055ae91/00012.jpg,0
552,d6c1a055ae91,valid_u/JPEGImages/d6c1a055ae91/00017.jpg,1
553,d6c1a055ae91,valid_u/JPEGImages/d6c1a055ae91/00017.jpg,2
554,d6c1a055ae91,valid_u/JPEGImages/d6c1a055ae91/00017.jpg,3
555,d6c1a055ae91,valid_u/JPEGImages/d6c1a055ae91/00012.jpg,4
556,d6c1a055ae91,valid_u/JPEGImages/d6c1a055ae91/00025.jpg,5
557,d6c1a055ae91,valid_u/JPEGImages/d6c1a055ae91/00015.jpg,6
558,d6c1a055ae91,valid_u/JPEGImages/d6c1a055ae91/00016.jpg,7
559,d6c1a055ae91,valid_u/JPEGImages/d6c1a055ae91/00015.jpg,8
560,d6c1a055ae91,valid_u/JPEGImages/d6c1a055ae91/00012.jpg,9
561,d6c1a055ae91,valid_u/JPEGImages/d6c1a055ae91/00002.jpg,10
562,d6c1a055ae91,valid_u/JPEGImages/d6c1a055ae91/00002.jpg,11
563,d6c1a055ae91,valid_u/JPEGImages/d6c1a055ae91/00012.jpg,12
564,d6c1a055ae91,valid_u/JPEGImages/d6c1a055ae91/00002.jpg,13
565,d6c1a055ae91,valid_u/JPEGImages/d6c1a055ae91/00022.jpg,14
566,d6c1a055ae91,valid_u/JPEGImages/d6c1a055ae91/00022.jpg,15
567,d6c1a055ae91,valid_u/JPEGImages/d6c1a055ae91/00022.jpg,16
568,d6c1a055ae91,valid_u/JPEGImages/d6c1a055ae91/00002.jpg,17
569,d6c1a055ae91,valid_u/JPEGImages/d6c1a055ae91/00022.jpg,18
570,d6c1a055ae91,valid_u/JPEGImages/d6c1a055ae91/00015.jpg,19
571,d6c1a055ae91,valid_u/JPEGImages/d6c1a055ae91/00015.jpg,20
572,d6c1a055ae91,valid_u/JPEGImages/d6c1a055ae91/00015.jpg,21
573,d6c1a055ae91,valid_u/JPEGImages/d6c1a055ae91/00022.jpg,22
574,d6c1a055ae91,valid_u/JPEGImages/d6c1a055ae91/00002.jpg,23
575,d6c1a055ae91,valid_u/JPEGImages/d6c1a055ae91/00018.jpg,24
576,d6c1a055ae91,valid_u/JPEGImages/d6c1a055ae91/00025.jpg,25
577,d6c1a055ae91,valid_u/JPEGImages/d6c1a055ae91/00025.jpg,26
578,d6c1a055ae91,valid_u/JPEGImages/d6c1a055ae91/00025.jpg,27
579,d6c1a055ae91,valid_u/JPEGImages/d6c1a055ae91/00017.jpg,28
580,d6c1a055ae91,valid_u/JPEGImages/d6c1a055ae91/00025.jpg,29
581,d6c1a055ae91,valid_u/JPEGImages/d6c1a055ae91/00025.jpg,30
582,d6c1a055ae91,valid_u/JPEGImages/d6c1a055ae91/00025.jpg,31
583,8e0e9c0c9ee1,valid_u/JPEGImages/8e0e9c0c9ee1/00017.jpg,0
584,8e0e9c0c9ee1,valid_u/JPEGImages/8e0e9c0c9ee1/00012.jpg,1
585,8e0e9c0c9ee1,valid_u/JPEGImages/8e0e9c0c9ee1/00002.jpg,2
586,8e0e9c0c9ee1,valid_u/JPEGImages/8e0e9c0c9ee1/00015.jpg,3
587,8e0e9c0c9ee1,valid_u/JPEGImages/8e0e9c0c9ee1/00017.jpg,4
588,8e0e9c0c9ee1,valid_u/JPEGImages/8e0e9c0c9ee1/00015.jpg,5
589,8e0e9c0c9ee1,valid_u/JPEGImages/8e0e9c0c9ee1/00015.jpg,6
590,8e0e9c0c9ee1,valid_u/JPEGImages/8e0e9c0c9ee1/00002.jpg,7
591,8e0e9c0c9ee1,valid_u/JPEGImages/8e0e9c0c9ee1/00002.jpg,8
592,8e0e9c0c9ee1,valid_u/JPEGImages/8e0e9c0c9ee1/00002.jpg,9
593,dcaa317f9fe2,valid_u/JPEGImages/dcaa317f9fe2/00002.jpg,0
594,dcaa317f9fe2,valid_u/JPEGImages/dcaa317f9fe2/00002.jpg,1
595,dcaa317f9fe2,valid_u/JPEGImages/dcaa317f9fe2/00002.jpg,2
596,dcaa317f9fe2,valid_u/JPEGImages/dcaa317f9fe2/00002.jpg,3
597,dcaa317f9fe2,valid_u/JPEGImages/dcaa317f9fe2/00002.jpg,4
598,dcaa317f9fe2,valid_u/JPEGImages/dcaa317f9fe2/00002.jpg,5
599,dcaa317f9fe2,valid_u/JPEGImages/dcaa317f9fe2/00002.jpg,6
600,dcaa317f9fe2,valid_u/JPEGImages/dcaa317f9fe2/00002.jpg,7
601,dcaa317f9fe2,valid_u/JPEGImages/dcaa317f9fe2/00002.jpg,8
602,c0ba63651c5c,valid_u/JPEGImages/c0ba63651c5c/00014.jpg,0
603,c0ba63651c5c,valid_u/JPEGImages/c0ba63651c5c/00015.jpg,1
604,c0ba63651c5c,valid_u/JPEGImages/c0ba63651c5c/00002.jpg,2
605,c0ba63651c5c,valid_u/JPEGImages/c0ba63651c5c/00017.jpg,3
606,c0ba63651c5c,valid_u/JPEGImages/c0ba63651c5c/00014.jpg,4
607,c0ba63651c5c,valid_u/JPEGImages/c0ba63651c5c/00014.jpg,5
608,c0ba63651c5c,valid_u/JPEGImages/c0ba63651c5c/00017.jpg,6
609,c0ba63651c5c,valid_u/JPEGImages/c0ba63651c5c/00017.jpg,7
610,c0ba63651c5c,valid_u/JPEGImages/c0ba63651c5c/00002.jpg,8
611,c0ba63651c5c,valid_u/JPEGImages/c0ba63651c5c/00005.jpg,9
612,c0ba63651c5c,valid_u/JPEGImages/c0ba63651c5c/00017.jpg,10
613,c0ba63651c5c,valid_u/JPEGImages/c0ba63651c5c/00017.jpg,11
614,c0ba63651c5c,valid_u/JPEGImages/c0ba63651c5c/00014.jpg,12
615,c0ba63651c5c,valid_u/JPEGImages/c0ba63651c5c/00014.jpg,13
616,c0ba63651c5c,valid_u/JPEGImages/c0ba63651c5c/00014.jpg,14
617,c0ba63651c5c,valid_u/JPEGImages/c0ba63651c5c/00014.jpg,15
618,c0ba63651c5c,valid_u/JPEGImages/c0ba63651c5c/00017.jpg,16
619,c0ba63651c5c,valid_u/JPEGImages/c0ba63651c5c/00017.jpg,17
620,c0ba63651c5c,valid_u/JPEGImages/c0ba63651c5c/00025.jpg,18
621,c0ba63651c5c,valid_u/JPEGImages/c0ba63651c5c/00014.jpg,19
622,4a9c4d01922f,valid_u/JPEGImages/4a9c4d01922f/00017.jpg,0
623,4a9c4d01922f,valid_u/JPEGImages/4a9c4d01922f/00017.jpg,1
624,4a9c4d01922f,valid_u/JPEGImages/4a9c4d01922f/00002.jpg,2
625,4a9c4d01922f,valid_u/JPEGImages/4a9c4d01922f/00025.jpg,3
626,4a9c4d01922f,valid_u/JPEGImages/4a9c4d01922f/00019.jpg,4
627,4a9c4d01922f,valid_u/JPEGImages/4a9c4d01922f/00022.jpg,5
628,4a9c4d01922f,valid_u/JPEGImages/4a9c4d01922f/00017.jpg,6
629,4a9c4d01922f,valid_u/JPEGImages/4a9c4d01922f/00002.jpg,7
630,4a9c4d01922f,valid_u/JPEGImages/4a9c4d01922f/00055.jpg,8
631,4a9c4d01922f,valid_u/JPEGImages/4a9c4d01922f/00055.jpg,9
632,4a9c4d01922f,valid_u/JPEGImages/4a9c4d01922f/00055.jpg,10
633,4a9c4d01922f,valid_u/JPEGImages/4a9c4d01922f/00055.jpg,11
634,4a9c4d01922f,valid_u/JPEGImages/4a9c4d01922f/00002.jpg,12
635,4a9c4d01922f,valid_u/JPEGImages/4a9c4d01922f/00002.jpg,13
636,4a9c4d01922f,valid_u/JPEGImages/4a9c4d01922f/00002.jpg,14
637,4a9c4d01922f,valid_u/JPEGImages/4a9c4d01922f/00002.jpg,15
638,4a9c4d01922f,valid_u/JPEGImages/4a9c4d01922f/00002.jpg,16
639,4a9c4d01922f,valid_u/JPEGImages/4a9c4d01922f/00015.jpg,17
640,4a9c4d01922f,valid_u/JPEGImages/4a9c4d01922f/00017.jpg,18
641,4a9c4d01922f,valid_u/JPEGImages/4a9c4d01922f/00017.jpg,19
642,4a9c4d01922f,valid_u/JPEGImages/4a9c4d01922f/00005.jpg,20
643,4a9c4d01922f,valid_u/JPEGImages/4a9c4d01922f/00017.jpg,21
644,4a9c4d01922f,valid_u/JPEGImages/4a9c4d01922f/00005.jpg,22
645,4a9c4d01922f,valid_u/JPEGImages/4a9c4d01922f/00002.jpg,23
646,4a9c4d01922f,valid_u/JPEGImages/4a9c4d01922f/00002.jpg,24
647,4a9c4d01922f,valid_u/JPEGImages/4a9c4d01922f/00017.jpg,25
648,4a9c4d01922f,valid_u/JPEGImages/4a9c4d01922f/00017.jpg,26
649,4a9c4d01922f,valid_u/JPEGImages/4a9c4d01922f/00017.jpg,27
650,4a9c4d01922f,valid_u/JPEGImages/4a9c4d01922f/00018.jpg,28
651,4a9c4d01922f,valid_u/JPEGImages/4a9c4d01922f/00018.jpg,29
652,4a9c4d01922f,valid_u/JPEGImages/4a9c4d01922f/00017.jpg,30
653,4a9c4d01922f,valid_u/JPEGImages/4a9c4d01922f/00018.jpg,31
654,8a612caa0f89,valid_u/JPEGImages/8a612caa0f89/00012.jpg,0
655,8a612caa0f89,valid_u/JPEGImages/8a612caa0f89/00000.jpg,1
656,8a612caa0f89,valid_u/JPEGImages/8a612caa0f89/00015.jpg,2
657,8a612caa0f89,valid_u/JPEGImages/8a612caa0f89/00014.jpg,3
658,8a612caa0f89,valid_u/JPEGImages/8a612caa0f89/00014.jpg,4
659,8a612caa0f89,valid_u/JPEGImages/8a612caa0f89/00007.jpg,5
660,f368f4f55d2f,valid_u/JPEGImages/f368f4f55d2f/00001.jpg,0
661,f368f4f55d2f,valid_u/JPEGImages/f368f4f55d2f/00021.jpg,1
662,f368f4f55d2f,valid_u/JPEGImages/f368f4f55d2f/00021.jpg,2
663,f368f4f55d2f,valid_u/JPEGImages/f368f4f55d2f/00021.jpg,3
664,4fddcf8823f0,valid_u/JPEGImages/4fddcf8823f0/00005.jpg,0
665,4fddcf8823f0,valid_u/JPEGImages/4fddcf8823f0/00002.jpg,1
666,4fddcf8823f0,valid_u/JPEGImages/4fddcf8823f0/00005.jpg,2
667,4fddcf8823f0,valid_u/JPEGImages/4fddcf8823f0/00002.jpg,3
668,4fddcf8823f0,valid_u/JPEGImages/4fddcf8823f0/00002.jpg,4
669,4fddcf8823f0,valid_u/JPEGImages/4fddcf8823f0/00012.jpg,5
670,4fddcf8823f0,valid_u/JPEGImages/4fddcf8823f0/00012.jpg,6
671,4fddcf8823f0,valid_u/JPEGImages/4fddcf8823f0/00015.jpg,7
672,4fddcf8823f0,valid_u/JPEGImages/4fddcf8823f0/00012.jpg,8
673,4fddcf8823f0,valid_u/JPEGImages/4fddcf8823f0/00012.jpg,9
674,4fddcf8823f0,valid_u/JPEGImages/4fddcf8823f0/00002.jpg,10
675,4fddcf8823f0,valid_u/JPEGImages/4fddcf8823f0/00002.jpg,11
676,4fddcf8823f0,valid_u/JPEGImages/4fddcf8823f0/00012.jpg,12
677,4fddcf8823f0,valid_u/JPEGImages/4fddcf8823f0/00015.jpg,13
678,4fddcf8823f0,valid_u/JPEGImages/4fddcf8823f0/00012.jpg,14
679,f610df51c78a,valid_u/JPEGImages/f610df51c78a/00002.jpg,0
680,f610df51c78a,valid_u/JPEGImages/f610df51c78a/00005.jpg,1
681,f610df51c78a,valid_u/JPEGImages/f610df51c78a/00002.jpg,2
682,f610df51c78a,valid_u/JPEGImages/f610df51c78a/00002.jpg,3
683,f610df51c78a,valid_u/JPEGImages/f610df51c78a/00002.jpg,4
684,f610df51c78a,valid_u/JPEGImages/f610df51c78a/00002.jpg,5
685,f610df51c78a,valid_u/JPEGImages/f610df51c78a/00002.jpg,6
686,f610df51c78a,valid_u/JPEGImages/f610df51c78a/00022.jpg,7
687,f610df51c78a,valid_u/JPEGImages/f610df51c78a/00002.jpg,8
688,f610df51c78a,valid_u/JPEGImages/f610df51c78a/00022.jpg,9
689,f610df51c78a,valid_u/JPEGImages/f610df51c78a/00002.jpg,10
690,f610df51c78a,valid_u/JPEGImages/f610df51c78a/00002.jpg,11
691,f610df51c78a,valid_u/JPEGImages/f610df51c78a/00002.jpg,12
692,f610df51c78a,valid_u/JPEGImages/f610df51c78a/00002.jpg,13
693,f610df51c78a,valid_u/JPEGImages/f610df51c78a/00002.jpg,14
694,f610df51c78a,valid_u/JPEGImages/f610df51c78a/00002.jpg,15
695,f610df51c78a,valid_u/JPEGImages/f610df51c78a/00002.jpg,16
696,f610df51c78a,valid_u/JPEGImages/f610df51c78a/00025.jpg,17
697,f610df51c78a,valid_u/JPEGImages/f610df51c78a/00022.jpg,18
698,f610df51c78a,valid_u/JPEGImages/f610df51c78a/00002.jpg,19
699,f610df51c78a,valid_u/JPEGImages/f610df51c78a/00025.jpg,20
700,f610df51c78a,valid_u/JPEGImages/f610df51c78a/00002.jpg,21
701,f610df51c78a,valid_u/JPEGImages/f610df51c78a/00002.jpg,22
702,f610df51c78a,valid_u/JPEGImages/f610df51c78a/00005.jpg,23
703,a2de8ecf0da5,valid_u/JPEGImages/a2de8ecf0da5/00005.jpg,0
704,a2de8ecf0da5,valid_u/JPEGImages/a2de8ecf0da5/00002.jpg,1
705,a2de8ecf0da5,valid_u/JPEGImages/a2de8ecf0da5/00002.jpg,2
706,a2de8ecf0da5,valid_u/JPEGImages/a2de8ecf0da5/00005.jpg,3
707,a2de8ecf0da5,valid_u/JPEGImages/a2de8ecf0da5/00002.jpg,4
708,6b9e77720852,valid_u/JPEGImages/6b9e77720852/00002.jpg,0
709,6b9e77720852,valid_u/JPEGImages/6b9e77720852/00002.jpg,1
710,6b9e77720852,valid_u/JPEGImages/6b9e77720852/00002.jpg,2
711,b8ce22e26dde,valid_u/JPEGImages/b8ce22e26dde/00002.jpg,0
712,b8ce22e26dde,valid_u/JPEGImages/b8ce22e26dde/00015.jpg,1
713,b8ce22e26dde,valid_u/JPEGImages/b8ce22e26dde/00027.jpg,2
714,b8ce22e26dde,valid_u/JPEGImages/b8ce22e26dde/00025.jpg,3
715,b8ce22e26dde,valid_u/JPEGImages/b8ce22e26dde/00027.jpg,4
716,b8ce22e26dde,valid_u/JPEGImages/b8ce22e26dde/00027.jpg,5
717,b8ce22e26dde,valid_u/JPEGImages/b8ce22e26dde/00027.jpg,6
718,b8ce22e26dde,valid_u/JPEGImages/b8ce22e26dde/00027.jpg,7
719,b8ce22e26dde,valid_u/JPEGImages/b8ce22e26dde/00027.jpg,8
720,b8ce22e26dde,valid_u/JPEGImages/b8ce22e26dde/00016.jpg,9
721,b8ce22e26dde,valid_u/JPEGImages/b8ce22e26dde/00027.jpg,10
722,b8ce22e26dde,valid_u/JPEGImages/b8ce22e26dde/00027.jpg,11
723,b8ce22e26dde,valid_u/JPEGImages/b8ce22e26dde/00027.jpg,12
724,b8ce22e26dde,valid_u/JPEGImages/b8ce22e26dde/00027.jpg,13
725,b8ce22e26dde,valid_u/JPEGImages/b8ce22e26dde/00027.jpg,14
726,b8ce22e26dde,valid_u/JPEGImages/b8ce22e26dde/00027.jpg,15
727,eadb6189f332,valid_u/JPEGImages/eadb6189f332/00005.jpg,0
728,eadb6189f332,valid_u/JPEGImages/eadb6189f332/00002.jpg,1
729,eadb6189f332,valid_u/JPEGImages/eadb6189f332/00002.jpg,2
730,eadb6189f332,valid_u/JPEGImages/eadb6189f332/00005.jpg,3
731,eadb6189f332,valid_u/JPEGImages/eadb6189f332/00005.jpg,4
732,eadb6189f332,valid_u/JPEGImages/eadb6189f332/00005.jpg,5
733,eadb6189f332,valid_u/JPEGImages/eadb6189f332/00005.jpg,6
734,05d60d664d0d,valid_u/JPEGImages/05d60d664d0d/00002.jpg,0
735,05d60d664d0d,valid_u/JPEGImages/05d60d664d0d/00002.jpg,1
736,05d60d664d0d,valid_u/JPEGImages/05d60d664d0d/00002.jpg,2
737,7ca2e40c5af3,valid_u/JPEGImages/7ca2e40c5af3/00000.jpg,0
738,7ca2e40c5af3,valid_u/JPEGImages/7ca2e40c5af3/00005.jpg,1
739,7ca2e40c5af3,valid_u/JPEGImages/7ca2e40c5af3/00002.jpg,2
740,7ca2e40c5af3,valid_u/JPEGImages/7ca2e40c5af3/00005.jpg,3
741,7ca2e40c5af3,valid_u/JPEGImages/7ca2e40c5af3/00002.jpg,4
742,7ca2e40c5af3,valid_u/JPEGImages/7ca2e40c5af3/00000.jpg,5
743,7ca2e40c5af3,valid_u/JPEGImages/7ca2e40c5af3/00002.jpg,6
744,7ca2e40c5af3,valid_u/JPEGImages/7ca2e40c5af3/00002.jpg,7
745,7ca2e40c5af3,valid_u/JPEGImages/7ca2e40c5af3/00000.jpg,8
746,7ca2e40c5af3,valid_u/JPEGImages/7ca2e40c5af3/00005.jpg,9
747,7ca2e40c5af3,valid_u/JPEGImages/7ca2e40c5af3/00002.jpg,10
748,7ca2e40c5af3,valid_u/JPEGImages/7ca2e40c5af3/00002.jpg,11
749,7ca2e40c5af3,valid_u/JPEGImages/7ca2e40c5af3/00032.jpg,12
750,7ca2e40c5af3,valid_u/JPEGImages/7ca2e40c5af3/00032.jpg,13
751,7ca2e40c5af3,valid_u/JPEGImages/7ca2e40c5af3/00017.jpg,14
752,7ca2e40c5af3,valid_u/JPEGImages/7ca2e40c5af3/00002.jpg,15
753,7ca2e40c5af3,valid_u/JPEGImages/7ca2e40c5af3/00002.jpg,16
754,7ca2e40c5af3,valid_u/JPEGImages/7ca2e40c5af3/00002.jpg,17
755,7ca2e40c5af3,valid_u/JPEGImages/7ca2e40c5af3/00002.jpg,18
756,7ca2e40c5af3,valid_u/JPEGImages/7ca2e40c5af3/00002.jpg,19
757,7cf6ec02d710,valid_u/JPEGImages/7cf6ec02d710/00002.jpg,0
758,7cf6ec02d710,valid_u/JPEGImages/7cf6ec02d710/00002.jpg,1
759,7cf6ec02d710,valid_u/JPEGImages/7cf6ec02d710/00014.jpg,2
760,7cf6ec02d710,valid_u/JPEGImages/7cf6ec02d710/00005.jpg,3
761,7cf6ec02d710,valid_u/JPEGImages/7cf6ec02d710/00005.jpg,4
762,7cf6ec02d710,valid_u/JPEGImages/7cf6ec02d710/00012.jpg,5
763,7cf6ec02d710,valid_u/JPEGImages/7cf6ec02d710/00012.jpg,6
764,90cc34e3926f,valid_u/JPEGImages/90cc34e3926f/00002.jpg,0
765,90cc34e3926f,valid_u/JPEGImages/90cc34e3926f/00002.jpg,1
766,90cc34e3926f,valid_u/JPEGImages/90cc34e3926f/00002.jpg,2
767,90cc34e3926f,valid_u/JPEGImages/90cc34e3926f/00002.jpg,3
768,90cc34e3926f,valid_u/JPEGImages/90cc34e3926f/00005.jpg,4
769,90cc34e3926f,valid_u/JPEGImages/90cc34e3926f/00005.jpg,6
770,90cc34e3926f,valid_u/JPEGImages/90cc34e3926f/00005.jpg,7
771,90cc34e3926f,valid_u/JPEGImages/90cc34e3926f/00005.jpg,8
772,90cc34e3926f,valid_u/JPEGImages/90cc34e3926f/00005.jpg,9
773,90cc34e3926f,valid_u/JPEGImages/90cc34e3926f/00005.jpg,10
774,963a498a493b,valid_u/JPEGImages/963a498a493b/00012.jpg,0
775,963a498a493b,valid_u/JPEGImages/963a498a493b/00012.jpg,1
776,963a498a493b,valid_u/JPEGImages/963a498a493b/00012.jpg,2
777,963a498a493b,valid_u/JPEGImages/963a498a493b/00012.jpg,3
778,963a498a493b,valid_u/JPEGImages/963a498a493b/00012.jpg,4
779,963a498a493b,valid_u/JPEGImages/963a498a493b/00002.jpg,5
780,963a498a493b,valid_u/JPEGImages/963a498a493b/00002.jpg,6
781,963a498a493b,valid_u/JPEGImages/963a498a493b/00012.jpg,7
782,963a498a493b,valid_u/JPEGImages/963a498a493b/00002.jpg,8
783,963a498a493b,valid_u/JPEGImages/963a498a493b/00002.jpg,9
784,963a498a493b,valid_u/JPEGImages/963a498a493b/00002.jpg,10
785,963a498a493b,valid_u/JPEGImages/963a498a493b/00002.jpg,11
786,963a498a493b,valid_u/JPEGImages/963a498a493b/00047.jpg,12
787,963a498a493b,valid_u/JPEGImages/963a498a493b/00047.jpg,13
788,963a498a493b,valid_u/JPEGImages/963a498a493b/00052.jpg,14
